Name,Slug,Collection ID,Item ID,Created On,Updated On,Published On,Image Desktop,Image Mobile
Image 1,image-1,601efe199239efe91ad9f4ad,601efe27a1dc49fa21b85d5d,Sat Feb 06 2021 20:37:59 GMT+0000 (Coordinated Universal Time),Fri Sep 01 2023 11:01:46 GMT+0000 (Coordinated Universal Time),Fri Sep 01 2023 11:01:53 GMT+0000 (Coordinated Universal Time),https://uploads-ssl.webflow.com/5fab84f6e2cd23b8dbbb10ac/64f1c48fa982d9b3b00986fc_IMG_1288%20(1)%20(1).jpg,https://uploads-ssl.webflow.com/5fab84f6e2cd23b8dbbb10ac/64f1c48fa982d9b3b00986fc_IMG_1288%20(1)%20(1).jpg
Image 2,image-2,601efe199239efe91ad9f4ad,601efe846ff10fb1e4af3e96,Sat Feb 06 2021 20:39:32 GMT+0000 (Coordinated Universal Time),Fri Sep 01 2023 17:21:52 GMT+0000 (Coordinated Universal Time),Fri Sep 01 2023 17:22:00 GMT+0000 (Coordinated Universal Time),https://uploads-ssl.webflow.com/5fab84f6e2cd23b8dbbb10ac/64f1bfb660e6854989d5c71e_IMG_2988%20(1)%20(1).jpg,https://uploads-ssl.webflow.com/5fab84f6e2cd23b8dbbb10ac/64f1d2983284cc3ec0472465_IMG_1392.webp
Image 3,image-3,601efe199239efe91ad9f4ad,6021c0a7591508be8292ea2d,Mon Feb 08 2021 22:52:23 GMT+0000 (Coordinated Universal Time),Mon Feb 15 2021 23:31:30 GMT+0000 (Coordinated Universal Time),Mon Feb 15 2021 23:33:48 GMT+0000 (Coordinated Universal Time),https://uploads-ssl.webflow.com/5fab84f6e2cd23b8dbbb10ac/602b03678f39d9857b5f5fef_package-1__met__m.jpg,https://uploads-ssl.webflow.com/5fab84f6e2cd23b8dbbb10ac/602b03678f39d9857b5f5fef_package-1__met__m.jpg
Image 4,image-4,601efe199239efe91ad9f4ad,602b02bfaad58ac33d61ee50,Mon Feb 15 2021 23:24:47 GMT+0000 (Coordinated Universal Time),Mon Feb 15 2021 23:31:23 GMT+0000 (Coordinated Universal Time),Mon Feb 15 2021 23:33:48 GMT+0000 (Coordinated Universal Time),https://uploads-ssl.webflow.com/5fab84f6e2cd23b8dbbb10ac/602b02c88eea3037c27bebe2_food-1__d.jpg,https://uploads-ssl.webflow.com/5fab84f6e2cd23b8dbbb10ac/602b02c88eea3037c27bebe2_food-1__d.jpg
Image 5,image-5,601efe199239efe91ad9f4ad,602b030f35826a6f62c0f702,Mon Feb 15 2021 23:26:07 GMT+0000 (Coordinated Universal Time),Fri Sep 01 2023 11:14:21 GMT+0000 (Coordinated Universal Time),Fri Sep 01 2023 11:14:28 GMT+0000 (Coordinated Universal Time),https://uploads-ssl.webflow.com/5fab84f6e2cd23b8dbbb10ac/64f1c77cf33b8b4f6121996f_IMG_0145F22353A3-1%20(1).jpeg,https://uploads-ssl.webflow.com/5fab84f6e2cd23b8dbbb10ac/64f1c77cf33b8b4f6121996f_IMG_0145F22353A3-1%20(1).jpeg
Image 6,image-6,601efe199239efe91ad9f4ad,602b03edf91cbcdf3f3b2a48,Mon Feb 15 2021 23:29:49 GMT+0000 (Coordinated Universal Time),Fri Sep 01 2023 10:54:15 GMT+0000 (Coordinated Universal Time),Fri Sep 01 2023 10:54:26 GMT+0000 (Coordinated Universal Time),https://uploads-ssl.webflow.com/5fab84f6e2cd23b8dbbb10ac/602b03fdcb15dd1387312295_interior-3__d.png,https://uploads-ssl.webflow.com/5fab84f6e2cd23b8dbbb10ac/64f1c2cde35764be7b1711ad_IMG_0219_jpg%20(1).jpg
Image 7,image-7,601efe199239efe91ad9f4ad,602b043dc37fe40f2d469e06,Mon Feb 15 2021 23:31:09 GMT+0000 (Coordinated Universal Time),Fri Sep 01 2023 10:38:12 GMT+0000 (Coordinated Universal Time),Fri Sep 01 2023 10:38:22 GMT+0000 (Coordinated Universal Time),https://uploads-ssl.webflow.com/5fab84f6e2cd23b8dbbb10ac/64f1befab61491cc68978a96_IMG_3861%20(1)%20(1).jpg,https://uploads-ssl.webflow.com/5fab84f6e2cd23b8dbbb10ac/64f1befab61491cc68978a96_IMG_3861%20(1)%20(1).jpg
image-8,image-8,601efe199239efe91ad9f4ad,64f1bdca4b267473524fb9f0,Fri Sep 01 2023 10:32:42 GMT+0000 (Coordinated Universal Time),Fri Sep 01 2023 12:03:42 GMT+0000 (Coordinated Universal Time),Fri Sep 01 2023 12:03:49 GMT+0000 (Coordinated Universal Time),https://uploads-ssl.webflow.com/5fab84f6e2cd23b8dbbb10ac/64f1d3133284cc3ec0478054_2N6A7093%20(1).jpg,https://uploads-ssl.webflow.com/5fab84f6e2cd23b8dbbb10ac/64f1d3133284cc3ec0478054_2N6A7093%20(1).jpg
image-9,image-9,601efe199239efe91ad9f4ad,64f1d1a1e792c1864a58f7da,Fri Sep 01 2023 11:57:21 GMT+0000 (Coordinated Universal Time),Fri Sep 01 2023 17:19:16 GMT+0000 (Coordinated Universal Time),Fri Sep 01 2023 17:19:27 GMT+0000 (Coordinated Universal Time),https://uploads-ssl.webflow.com/5fab84f6e2cd23b8dbbb10ac/64f1d1917f8a8404d0fc27e6_IMG_1403%202.WEBP,https://uploads-ssl.webflow.com/5fab84f6e2cd23b8dbbb10ac/64f21d0e37025f14d6f55a1d_IMG_1396%20(2).webp
